channel,impressions,clicks,conversions,spend_usd,CTR,CPA,Bounce_Rate,video_views,time_on_site_sec
Email,3449502,231913,41957,408352.4,0.20915688745575228,21.241615175021376,0.3448275862068966,89802,66.24137931034483
Google,2991446,158736,33699,318702.13,0.18942282730194918,24.518538812333368,0.2537313432835821,61083,57.80597014925373
Instagram,4142907,209230,41665,419991.31,0.16983440563921393,19.02831907846844,0.2962962962962963,87027,61.75308641975309
Facebook,4289072,219091,47773,467498.53,0.1654897793345021,21.851752948974646,0.3763440860215054,97148,52.516129032258064
YouTube,5048436,252554,56913,537162.72,0.11320591155701977,23.33659329862844,0.2727272727272727,106524,59.74747474747475
Display,3908517,184006,37255,351445.44,0.09338712397532224,27.307982353400515,0.273972602739726,78039,61.821917808219176
